Code,Final_Sharpe_Ratio,Final_Max_Drawdown,Final_Gain_to_Pain_Ratio
KCN,0.011427598614306434,0.003121488805651551,1.0368526991477083
KCN,0.011427598614306434,0.003121488805651551,1.0368526991477083
KCN,0.011427598614306434,0.003121488805651551,1.0368526991477083
KCN,0.0351276916771144,0.00258342962863356,1.1590527907425783
