Code,Final_Sharpe_Ratio,Final_Max_Drawdown,Final_Gain_to_Pain_Ratio
CTZ_trades&holds_123,0.1473712,0.004602364,1.895983065
CTZ_trades_123,0.145644725,0.003858569,2.715311886
CTZ_trades&holds_11123,0.121399353,0.008465594,1.696108337
CTZ_trades_11123,0.134401295,0.007650855,2.088822323
