Code,Sharpe_Ratio_Daily,Max_Drawdown_Daily,Gain_to_Pain_Ratio_Daily,Final_Profit
KCN,0.002977897840137203,0.004421793227411208,1.0640281857206564,0.09607305400814586
