Code,Sharpe_Ratio_Daily,Max_Drawdown_Daily,Gain_to_Pain_Ratio_Daily,Final_Profit
CTZ,0.03748250360512061,0.006118560109171223,1.5325723014642807,6.006675024147674
